{
  "cat1": {
    "spec0": {
      "titleRU": "ВИП Парковка",
    "titleEN": "Valet parking"
    },
    "spec1": {
      "titleRU": "Тераса",
    "titleEN": "Terrace"
    },
    "spec2": {
      "titleRU": "Настольные игры",
    "titleEN": "Board games"
    },
    "spec3": {
      "titleRU": "Живая музыка",
    "titleEN": "Live music"
    },
    "spec4": {
      "titleRU": "Wi-Fi",
    "titleEN": "Wi-Fi"
    },
    "spec5": {
      "titleRU": "Завтрак",
    "titleEN": "Breakfast"
    },
    "spec6": {
      "titleRU": "Навынос",
    "titleEN": "Takeaway"
    },
    "spec7": {
      "titleRU": "Кальян",
    "titleEN": "Hookah"
    },
    "spec8": {
      "titleRU": "Стоянка",
    "titleEN": "Parking"
    },
    "spec9": {
      "titleRU": "Детское меню",
    "titleEN": "Kids Menu"
    },
    "spec10": {
      "titleRU": "Детская зона",
    "titleEN": "Kids play area"
    },
    "spec11": {
      "titleRU": "Приставка",
    "titleEN": "Video games"
    },
    "spec12": {
      "titleRU": "Веганское меню",
    "titleEN": "Vegan friendly"
    },
    "spec13": {
      "titleRU": "С животными",
    "titleEN": "Pets friendly "
    },
    "spec14": {
      "titleRU": "Детское кресло",
    "titleEN": "Baby Chair"
    },
    "spec15": {
      "titleRU": "Халяль",
    "titleEN": "Halal"
    },
    "spec16": {
      "titleRU": "видовое место",
    "titleEN": "Great views"
    },
    "spec17": {
      "titleRU": "кресло для инвалидов",
    "titleEN": "Wheelchair access"
    },
    "spec18": {
      "titleRU": "Другие",
    "titleEN": "Others"
    },
    "spec19": {
      "titleRU": "Доставка",
    "titleEN": "Delivery"
    },
    "spec20": {
      "titleRU": "Изысканная кухня",
    "titleEN": "Fine dining"
    },
    "spec21": {
      "titleRU": "Банкеты",
    "titleEN": "Banquets"
    },
    "spec22": {
      "titleRU": "Алкоголь",
    "titleEN": "Alcohol"
    }
  },
  "cat2": {
    "spec0": {
      "titleRU": "ВИП Парковка",
    "titleEN": "Valet parking"
    },
    "spec1": {
      "titleRU": "Wi-Fi",
    "titleEN": "Wi-Fi"
    },
    "spec2": {
      "titleRU": "Кальян",
    "titleEN": "Hookah"
    },
    "spec3": {
      "titleRU": "Стоянка",
    "titleEN": "Parking"
    },
    "spec4": {
      "titleRU": "С животными",
    "titleEN": "Pets friendly"
    },
    "spec5": {
      "titleRU": "Кресло для инвалидов",
    "titleEN": "Wheelchair access"
    },
    "spec6": {
      "titleRU": "Другие",
    "titleEN": "Others"
    },
    "spec7": {
      "titleRU": "Алкоголь",
    "titleEN": "Alcohol"
    },
    "spec8": {
      "titleRU": "Групповие занятияр",
    "titleEN": "Couples friendly"
    },
    "spec9": {
      "titleRU": "Зарезервировать заранее",
    "titleEN": "Book in advance"
    },
    "spec10": {
      "titleRU": "Только женщины",
    "titleEN": "Females only"
    },
    "spec11": {
      "titleRU": "Только мужчины",
    "titleEN": "Males only"
    },
    "spec12": {
      "titleRU": "Плавательный бассейн",
    "titleEN": "Swimming pool"
    },
    "spec13": {
      "titleRU": "Сауна",
    "titleEN": "Sauna"
    },
    "spec14": {
      "titleRU": "Джакузи",
    "titleEN": "Jacuzzie"
    },
    "spec15": {
      "titleRU": "Дети приветствуются",
    "titleEN": "Kids welcome"
    },
    "spec16": {
      "titleRU": "Персональный тренер",
    "titleEN": "Personal trainer"
    },
    "spec17": {
      "titleRU": "Загар",
    "titleEN": "Tanning "
    }
  },
  "cat3": {
    "spec0": {
      "titleRU": "Только по предварительной записи",
    "titleEN": "By appointment only"
    },
    "spec1": {
      "titleRU": "Групповие занятия",
    "titleEN": "Couple friendly"
    },
    "spec2": {
      "titleRU": "Стоянка",
    "titleEN": "Parking"
    },
    "spec3": {
      "titleRU": "Услуги парковщика",
    "titleEN": "Valet Parking"
    },
    "spec4": {
      "titleRU": "Ограничение по возрасту",
    "titleEN": "Age restriction"
    },
    "spec5": {
      "titleRU": "Алкоголь",
    "titleEN": "Alcohol"
    },
    "spec6": {
      "titleRU": "Живые развлечения",
    "titleEN": "Live entertainment"
    },
    "spec7": {
      "titleRU": "Дети приветствуются",
    "titleEN": "Kids welcome"
    }
  }
}
