{
  "cat1": {
    "tag0": {
      "titleRU": "Американская",
      "titleEN": "American"
    },
    "tag1": {
      "titleRU": "Азиатская",
      "titleEN": "Asian"
    },
    "tag2": {
      "titleRU": "Китайская",
      "titleEN": "Chinese"
    },
    "tag3": {
      "titleRU": "Европейская",
      "titleEN": "European"
    },
    "tag4": {
      "titleRU": "Французская",
      "titleEN": "French"
    },
    "tag5": {
      "titleRU": "Итальянская",
      "titleEN": "Italian"
    },
    "tag6": {
      "titleRU": "Мексиканская",
      "titleEN": "Mexican"
    },
    "tag7": {
      "titleRU": "Современная",
      "titleEN": "Modern"
    },
    "tag8": {
      "titleRU": "Тайская",
      "titleEN": "Thai"
    },
    "tag9": {
      "titleRU": "Турецкая",
      "titleEN": "Turkish"
    },
    "tag10": {
      "titleRU": "Веганская",
      "titleEN": "Vegan"
    },
    "tag11": {
      "titleRU": "Местная",
      "titleEN": "Local food"
    },
    "tag12": {
      "titleRU": "Индийская",
      "titleEN": "Indian"
    },
    "tag13": {
      "titleRU": "Морепродукты",
      "titleEN": "Seafood"
    },
    "tag14": {
      "titleRU": "Пицца",
      "titleEN": "Pizza"
    },
    "tag15": {
      "titleRU": "Бургер",
      "titleEN": "Burger"
    },
    "tag16": {
      "titleRU": "Суши",
      "titleEN": "Sushi"
    },
    "tag17": {
      "titleRU": "Японская",
      "titleEN": "Japanese"
    },
    "tag18": {
      "titleRU": "Арабская",
      "titleEN": "Arabic"
    },
    "tag19": {
      "titleRU": "Стейк-хаус",
      "titleEN": "Steakhouse"
    },
    "tag20": {
      "titleRU": "Вегатaрианская",
      "titleEN": "Vegetarian"
    },
    "tag21": {
      "titleRU": "Здорова пища",
      "titleEN": "Healthy food"
    },
    "tag22": {
      "titleRU": "Грузинская",
      "titleEN": "Georgian"
    },
    "tag23": {
      "titleRU": "Средиземноморская",
      "titleEN": "Mediterranean"
    },
    "tag24": {
      "titleRU": "Уличная еда",
      "titleEN": "Street food"
    }
  },
  "cat2": {
    "tag0": {
      "titleRU": "Стрижка",
      "titleEN": "Haircut"
    },
    "tag1": {
      "titleRU": "Макияж",
      "titleEN": "Makeup"
    },
    "tag2": {
      "titleRU": "Лазерная косметология",
      "titleEN": "Laser cosmetology"
    },
    "tag3": {
      "titleRU": "Окраска волос",
      "titleEN": "Hair coloring"
    },
    "tag4": {
      "titleRU": "Уход за телом",
      "titleEN": "Body treatments"
    },
    "tag5": {
      "titleRU": "Лазерная эпиляция",
      "titleEN": "Laser epilation"
    },
    "tag6": {
      "titleRU": "Эстетическая косметология",
      "titleEN": "Aesthetic Beauty"
    },
    "tag7": {
      "titleRU": "Уход за волосами",
      "titleEN": "Hair care"
    },
    "tag8": {
      "titleRU": "Маникюр, педикюр",
      "titleEN": "Maniсure Pediсure"
    },
    "tag9": {
      "titleRU": "Аппаратная косметология",
      "titleEN": "Aparate cosmetology"
    },
    "tag10": {
      "titleRU": "Брови / ресницы",
      "titleEN": "Eyebrows / eyelashes"
    },
    "tag11": {
      "titleRU": "Пластическая хирургия",
      "titleEN": "Plastic surgery"
    },
    "tag12": {
      "titleRU": "Тату салон",
      "titleEN": "Tattoo salon"
    },
    "tag13": {
      "titleRU": "Дерматология",
      "titleEN": "Dermatology"
    },
    "tag14": {
      "titleRU": "Загар",
      "titleEN": "Tanning "
    },
    "tag15": {
      "titleRU": "Уход за детьми",
      "titleEN": "Kids grooming "
    },
    "tag16": {
      "titleRU": "Отбеливание зубов",
      "titleEN": "Teeth whitening"
    },
    "tag17": {
      "titleRU": "Бассейн",
      "titleEN": "Swimming pool"
    },
    "tag18": {
      "titleRU": "Боевые искусства",
      "titleEN": "Martial arts"
    },
    "tag19": {
      "titleRU": "Групповые занятия",
      "titleEN": "Group lessons"
    },
    "tag20": {
      "titleRU": "Тренер",
      "titleEN": "Personal trainer"
    },
    "tag21": {
      "titleRU": "Кардиотренажеры",
      "titleEN": "Cardio"
    },
    "tag22": {
      "titleRU": "Спортивные клубы",
      "titleEN": "Sport clubs"
    },
    "tag23": {
      "titleRU": "Спортивная Студия",
      "titleEN": "Sport studio"
    },
    "tag24": {
      "titleRU": "Массажи",
      "titleEN": "Massages"
    },
    "tag25": {
      "titleRU": "Спортивный магазин",
      "titleEN": "Sport store"
    },
    "tag26": {
      "titleRU": "Студия Йоги",
      "titleEN": "Yoga studio"
    },
    "tag27": {
      "titleRU": "CrossFit",
      "titleEN": "CrossFit"
    },
    "tag28": {
      "titleRU": "Сауна",
      "titleEN": "Sauna"
    },
    "tag29": {
      "titleRU": "Студия йоги",
      "titleEN": "Yoga studio"
    }
  },
  "cat3": {
    "tag0": {
      "titleRU": "Кинотеарт",
      "titleEN": "Cinema"
    },
    "tag1": {
      "titleRU": "Конный клуб",
      "titleEN": "Hoursing club"
    },
    "tag2": {
      "titleRU": "Гольф",
      "titleEN": "Golf"
    },
    "tag3": {
      "titleRU": "Футбол",
      "titleEN": "Football"
    },
    "tag4": {
      "titleRU": "Зоопарк",
      "titleEN": "Zoo"
    },
    "tag5": {
      "titleRU": "Детский развлекательный центр",
      "titleEN": "Theme park"
    },
    "tag6": {
      "titleRU": "Картинг",
      "titleEN": "Karting"
    },
    "tag7": {
      "titleRU": "Аквапарк",
      "titleEN": "Water park"
    },
    "tag8": {
      "titleRU": "Стрелковый клуб",
      "titleEN": "Shooting club"
    },
    "tag9": {
      "titleRU": "Прокат велосипедов",
      "titleEN": "Bike rental"
    },
    "tag10": {
      "titleRU": "Пляжный клуб",
      "titleEN": "Beach club"
    },
    "tag11": {
      "titleRU": "Стриптиз клуб",
      "titleEN": "Strip club"
    },
    "tag12": {
      "titleRU": "Ночной клуб",
      "titleEN": "Night club"
    },
    "tag13": {
      "titleRU": "Боулинг",
      "titleEN": "Bowling"
    },
    "tag14": {
      "titleRU": "Квест комнаты",
      "titleEN": "Escape rooms"
    },
    "tag15": {
      "titleRU": "Музей",
      "titleEN": "Museum"
    },
    "tag16": {
      "titleRU": "Театр",
      "titleEN": "Theatre"
    },
    "tag17": {
      "titleRU": "Автоспорт",
      "titleEN": "Motor sport"
    },
    "tag18": {
      "titleRU": "Водные виды спорта",
      "titleEN": "Water sport"
    },
    "tag19": {
      "titleRU": "Нижнее белье",
      "titleEN": "Underwear"
    },
    "tag20": {
      "titleRU": "Сделай сам",
      "titleEN": "Tools and DIY"
    },
    "tag21": {
      "titleRU": "Книжный магазин",
      "titleEN": "Book store "
    },
    "tag22": {
      "titleRU": "Младенец и ребенок",
      "titleEN": "Baby and child"
    },
    "tag23": {
      "titleRU": "Магазин сладостей",
      "titleEN": "Sweet shop"
    },
    "tag24": {
      "titleRU": "Аксессуары",
      "titleEN": "Accessories"
    },
    "tag25": {
      "titleRU": "Обувь",
      "titleEN": "Footwear"
    },
    "tag26": {
      "titleRU": "Дом и сад",
      "titleEN": "Home and Garden"
    },
    "tag27": {
      "titleRU": "Ювелирные изделия",
      "titleEN": "Jewellery"
    },
    "tag28": {
      "titleRU": "Мужская одежда",
      "titleEN": "Menswear"
    },
    "tag29": {
      "titleRU": "Женская одежда",
      "titleEN": "Ladieswear"
    },
    "tag30": {
      "titleRU": "Спортивная одежда",
      "titleEN": "Sportwear"
    },
    "tag31": {
      "titleRU": "Магазин спортивного питания",
      "titleEN": "Sport Goods"
    },
    "tag32": {
      "titleRU": "Оптика",
      "titleEN": "Optician"
    },
    "tag33": {
      "titleRU": "Автосервис",
      "titleEN": "Car service"
    },
    "tag34": {
      "titleRU": "Заправочная станция",
      "titleEN": "Petrol station"
    },
    "tag35": {
      "titleRU": "Ландри",
      "titleEN": "Landry"
    },
    "tag36": {
      "titleRU": "Уборка",
      "titleEN": "Cleaning"
    },
    "tag37": {
      "titleRU": "Домашние питомцы",
      "titleEN": "Pets"
    },
    "tag38": {
      "titleRU": "Пошив одежды",
      "titleEN": "Tailoring"
    },
    "tag39": {
      "titleRU": "Электроника",
      "titleEN": "Electronics"
    },
    "tag40": {
      "titleRU": "Мобильный сервис",
      "titleEN": "Mobile service"
    },
    "tag41": {
      "titleRU": "Другие",
      "titleEN": "Others"
    }
  }
}
