{ 
  "cat1": {
  "type1": {
    "titleRU": "Рестаран",
    "titleEN": "Restaurant"
  },
  "type2": {
    "titleRU": "Бар",
    "titleEN": "Pub"
  },
  "type3": {
    "titleRU": "Кофейня",
    "titleEN": "Coffee Shop"
  },
  "type4": {
    "titleRU": "Кафе",
    "titleEN": "Cafe"
  },
  "type5": {
    "titleRU": "Пекарня",
    "titleEN": "Bakery"
  }
  },
  "cat2": {
  "type1": {
    "titleRU": "Салон",
    "titleEN": "Salon"
  },
  "type2": {
    "titleRU": "Фитнес",
    "titleEN": "Fitness"
  },
  "type3": {
    "titleRU": "Стоматология",
    "titleEN": "Dental"
  },
  "type4": {
    "titleRU": "Медицина",
    "titleEN": "Medical"
  },
  "type5": {
    "titleRU": "Спа",
    "titleEN": "Spa "
  },
  "type6": {
    "titleRU": "Барбершоп",
    "titleEN": "Barbershop"
  }
  },
  "cat3": {
  "type1": {
    "titleRU": "Аттракционы и досуг",
    "titleEN": "Atraction and Leisure"
  },
  "type2": {
    "titleRU": "Мода и розничная торговля",
    "titleEN": "Fashion and Retail"
  },
  "type3": {
    "titleRU": "Ежедневные услуги",
    "titleEN": "Daily services"
  }
  }
}
