{
  "1": {
    "title": "Что такое приложение Ozomoo?",
    "body": "Приложение Ozomoo предлагает интересные акции таких видов: “Купи один и получи один бесплатно”, а также фиксированные скидки с вознаграждениями и кэшбэком в лучших ресторанах, спа, фитнес-центрах, развлечениях и многом другом по всей стране.\nОно предлагает огромное количество онлайн-кодов, скидок на покупки в интернете с нашими скидочными кодами от  Ozomoo.\nВсе это в одном приложении."
  },
  "2": {
    "title": "Как это работает?",
    "body": "Загрузите Ozomoo из магазина приложений на свой смартфон. Следуйте инструкциям, чтобы зарегистрировать учетную запись. Чтобы получить бонус, просто нажмите на предложение в телефоне и внимательно следуйте рекомендациям для его корректного использования, когда вы попросите счет в торговой точке. \nКогда использование будет успешным, вы получите 2-4% кэшбэка, сохраненного на вашем счету."
  },
  "3": {
    "title": "Где я могу скачать приложение Ozomoo?",
    "body": "Приложение можно загрузить из Apple App Store и Google Play. Щелкните ссылку, чтобы загрузить его на свое устройство, или скопируйте ссылку и поделитесь ею с друзьями прямо сейчас.\nApple:\nhttps://itunes.apple.com\nGoogle Play:\nhttps://play.google.com/store\n\nПриложение  Ozomoo является абсолютно бесплатным для скачивания."
  },
  "4": {
    "title": "Какие языки я могу использовать в приложении Ozomoo?",
    "body": "Ozomoo поддерживает русский, английский, а также арабский языки."
  },
  "5": {
    "title": "Как изменить языковые настройки в моем приложении?",
    "body": "Чтобы выбрать нужный вам язык, перейдите в настройки своего профиля и измените язык приложения на русский, английский или арабский. Приложение Ozomoo сделает это изменение автоматически."
  },
  "6": {
    "title": "Как мне отключить кого-либо из моего аккаунта?",
    "body": "Мы настоятельно рекомендуем нашим пользователям делиться своим аккаунтом только с доверенными членами семьи и лицами. Если вдруг Вам все же нужно кого-то разлогинить, вы можете сделать это простым кликом для сброса пароля на экране входа в приложении. После сброса пароля все девайсы будут сразу отключены."
  },
  "7": {
    "title": "Я забыл свой пароль. Как мне войти в приложение ?",
    "body": "Если вы забыли пароль от своей учетной записи в  Ozomoo, просто нажмите вкладку «Забыли пароль» в приложении при входе в систему. Вы сразу получите электронное письмо или 4-значный мобильный код с инструкциями по изменению пароля."
  },
  "8": {
    "title": "Нужно ли мне подключение к Интернету, чтобы использовать  Ozomoo?",
    "body": "Чтобы использовать предложения из Ozomoo, вам потребуется подключение к сети Wi-Fi или 3G. Это сделано для того, чтобы ваша учетная запись могла обновляться, а уже использованные погашения удалены из доступных предложений в режиме реального времени."
  },
  "9": {
    "title": "Как воспользоваться предложением в Ozomoo?",
    "body": "• Сообщите сотруднику, что у вас есть промокоды от приложения Ozomoo.\n• Они введут свой пин-код продавца для промокода или кэшбэка, если вы захотите его использовать.\n•Продавцы также получат номер погашения для промокодов и погашения кэшбэка после того, как они автоматически введут код в партнерское приложение Ozomoo.\n• Продавец применит скидку к вашему счету.\nКлиентам не нужен PIN-код. PIN-код понадобиться только для продавцов."
  },
  "10": {
    "title": "Если я обращусь к продавцам, нажму активировать предложение в моем приложении и обнаружу, что они по какой-то причине не принимают предложение, могу ли я отменить предложение?",
    "body": "Да, вы можете отменить использование бонуса в любой момент до тех пор, пока кассир не введет свой PIN-код продавца. Однако обратите внимание, что уже завершенный выкуп не может быть отменен. Мы не можем восстановить предложения вне системы Ozomoo."
  },
  "11": {
    "title": "Как мне отслеживать коды для моих уже использование предложений?",
    "body": "Если вам нужно увидеть код использования, который нужно передать продавцу из вашего приложения.\n• Выберите «вкладку меню приложения».\n• Выберите «История использования».\n• он покажет все ваши предложения по выкупу и сколько вы сэкономили."
  },
  "12": {
    "title": "Могу ли я  увидеть, сколько я сэкономил?",
    "body": "Да, после успешного использования предложения вы увидите приблизительную сумму, которую вы только что сэкономили. Если вы перейдете в профиль,то увидите вкладку «Экономия» и информацию о кэшбэке,а также будет видно общую сумму ориентировочной экономии, которую вы сделали с момента использования вашего мобильного приложения."
  },
  "13": {
    "title": "Как я могу изменить валюту, используемую в приложении?",
    "body": "Валюту менять не нужно, как только вы измените местоположение страны, в которой вы используете приложение, валюта будет изменена автоматически."
  },
  "14": {
    "title": "Если я активировал предложение в одном месте, но оно отображается как активированное во всех местах, что это значит?",
    "body": "От каждого продавца вы получаете несколько предложений: минимум 3, но может быть до 7 предложений.\n1. Когда вы активируете предложение, оно будет отображаться как использованное во всех местах для этого продавца. \n2. После того, как вы используете все возможные предложения от продавца, они будут заблокированы."
  },
  "15": {
    "title": "Есть ли у меня доступ к “Правилам использования”  через мое приложение?",
    "body": "Да, срок действия и правила использования указаны на экране предложения, а также в разделе учетной записи."
  },
  "16": {
    "title": "Как использовать более одного предложения в приложении одновременно? Например, когда я с группой друзей и у меня есть предложения для использования.",
    "body": "В настоящее время вы можете использовать только одно предложение за один раз. Итак, если вы хотите активировать все ваши предложения одновременно,то вам нужно пройти некоторый процесс с кассиром, после чего он выставит счет с примененной общей скидкой."
  },
  "17": {
    "title": "Как работает приложение при использовании предложений из категорий Красота и фитнес или Стиль жизни?",
    "body": "Продавец примет ваш промокод обычным способом, а затем предоставит вам услугу.\nВ зависимости от предложения, предоставленного продавцом, использовать его можно следующим образом:\n\n• Еще одно бесплатное предложение или услуга для себя во время текущего или следующего визита.\n• Бесплатное предложение или услуга для друзей или членов семьи, которым они могут воспользоваться во время вашего текущего визита.\n• Применяется фиксированная скидка на весь счет.\n• Потратьте Х сумму и/или сэкономьте Х сумму на своих покупках.\n\n* Эти предложения могут быть изменены без дальнейшего уведомления, и они могут отличаться от других продавцов для следующих категорий: спа-салоны, медицина и оздоровление, стоматологические клиники, красота, волосы и ногти, парикмахерские, здоровье и фитнес, ежедневные услуги, розничная торговля, развлечения, достопримечательности и досуг."
  },
  "18": {
    "title": "Что такое “акции для скидочных кодов Ozomoos”?",
    "body": "Это бесплатная онлайн-услуга, предоставляемая всем пользователям приложения для создания онлайн-кодов и скидок для покупок в Интернете"
  },
  "19": {
    "title": "Как я могу использовать промо для  Ozomoos?",
    "body": "Просто нужно нажать на промо для категории Ozomoos.\nНайдите участвующих онлайн-продавцов.\nНажмите на продавца по вашему выбору. Перейдите по ссылке с нашим уникальным промокодом или скопируйте наш уникальный промокод из приложения.\nПосле того, как вы закончите покупки, примените уникальный онлайн-промокод на сайте продавца и получите скидку до 75% в момент оплаты"
  }
}