{
  "1": {
    "title": "What is Ozomoo app?",
    "body": "Ozomoo app offers unbeatable value with Buy One Get One Free and flat discount incentives with cashback rewards at the best restaurants, spas, fitness outlets, entertainment and more across the country.\nIt offers too . a variety of online discount codes for shopping online with our ozomoo discount codes. All of this under one App."
  },
  "2": {
    "title": "How does it work?",
    "body": "Download Ozomoo app from the App Store into your smartphone. Follow the instructions to register an account. To redeem, simply tap on the offer on your phone and follow the process to redeem it, when you ask for the bill at the outlet.\nWhen redemption is successful you will receive 2-4% cashback reward straight saved into your account. "
  },
  "3": {
    "title": "Where can I download Ozomoo App?",
    "body": "The App can be downloaded from Apple App Store and Google Play. Click on the correct link to download to your device, or copy the link and share it with your friends now. \nApple: https://itunes.apple.com\nGoogle Play:https://play.google.com/store\nThe ozomoo App is free to download."
  },
  "4": {
    "title": "Which languages can I use ozomoo App in?",
    "body": "Your Ozomoo app is available in Russian, English & Arabic."
  },
  "5": {
    "title": "How do I change the language settings in my App?",
    "body": "To select your preferred language, navigate to your profile settings and change the app  language to Russian or English or Arabic. The ozomoo App will automatically reflect this language change immediately."
  },
  "6": {
    "title": "How do I log someone out of my account?",
    "body": "We advise our customers to only share their account with trusted family members. However, should you need to log someone out of your account, you can simply click the reset password from the App sign in screen. Once you reset your password, all devices will be logged out."
  },
  "7": {
    "title": "I forgot my password. How can I sign into Ozomoo App?",
    "body": "If you forget the password for your Ozomoo app account then simply click on the ‘Forgot Password’ tab on the App while logging in . You will receive an e-mail or 4 digits mobile code from us with instructions how to reset your password."
  },
  "8": {
    "title": "Do I need an internet connection to redeem ozomoo app mobile offers?",
    "body": "To redeem offers from the App you will need either a Wi-Fi or 3G connection. This is so your account can be updated and your redemptions removed from the available offers in real time."
  },
  "9": {
    "title": "How do I redeem Ozomoo app offer from The Ozomoo App?",
    "body": "When you request your bill, you need to follow the below steps:\n• Notify the staff member that you have ozomoo app promo codes\n• They will enter their merchant pin for the promo code or the cashback if you want to use it.\n• merchants will also receive the  redemption number for promo codes and cash back redemption after they have entered the redemption pin automatically to the ozomoo partner app. \n• The merchant will apply the discount to your bill.\nCustomers don't need a pin to enter only merchants they will need to enter the pin."
  },
  "10": {
    "title": "If I go to a participating merchants , click redeem on an offer on my App and find that they do not accept the offer for some reason, can I cancel the redemption?",
    "body": "Yes you can cancel the redemption at any point until the teller successfully enters their merchant PIN. However please note that a completed redemption cannot be reversed. We are unable to reinstate mobile offers within Ozomoo App."
  },
  "11": {
    "title": "How do I track the redemption codes for my redeemed offers?",
    "body": "If you need to see  the redemption code to give to the merchant from your App.\n• Select app menu tab\n• Select “Redemption History” \n• It will show all your redemption offers details and how much you have saved"
  },
  "12": {
    "title": "Can I see how much I have saved?",
    "body": "Yes, when you successfully redeem an offer you will see an estimate of how much you have just saved. If you go to the profile you will be able to see  ‘Savings’ and cashback information tab , you will see the total amount of estimated savings you have made since using your mobile App."
  },
  "13": {
    "title": "How can I change the currency that is used within the App?",
    "body": "You don't need to change currency, once you have changed location of the country you are using the app the currency will be changed automatically. "
  },
  "14": {
    "title": "What does it mean if I have redeemed an offer at one location but the offer is showing as redeemed at all locations on my App?",
    "body": "For each merchant you get multiple offers with a minimum of 3 offers and can be up to 7 offers.\n1.When you redeem an offer it will show as redeemed at all locations for that merchant. \n2.Once you have redeemed all  offers for a merchant, all redemptions will be locked."
  },
  "15": {
    "title": "Do I have access to the Rules of Use via my App?",
    "body": "Yes, validity and Rules of Use are contained within the Offer Screen as well as within the Account section."
  },
  "16": {
    "title": "How do I redeem more than one offer at the same time on the App – e.g. when I am with a group of friends and I have offers available to use?",
    "body": "You can currently only redeem one offer at a time within the App. So, if you want to redeem all  offers at the same time then you need to go through the process with the teller and they will then produce your bill with the total discount applied."
  },
  "17": {
    "title": "How does the App work when using offers from the Beauty & Fitness or lifestyle category ?",
    "body": "The merchant will accept your redemption in the normal way and then provide you with the service. \nDepends on the offer provided by the merchant redemptions can be used as below:\n\n• Another complimentary offer or service for yourself during your current visit or the next visit. \n• A complimentary offer or service for friends or family members to use during your current visit.\n• A flat discount for the whole bill to be applied. \n• spend x amount and save x amount on your purchases. \n*These offers can be changed with no further notice and it can vary from different merchants for the following categories: Spas, Medical & Wellness, Dental Clinics, Beauty, Hair & Nails, Barbershops , Health & Fitness, Daily services, retail shopping, entertainment, Attractions and leisure. "
  },
  "18": {
    "title": "What is promos for ozomoos discount codes?",
    "body": "This is a free online service provided to all app users to be able to generate online codes and discounts for online shopping. "
  },
  "19": {
    "title": "How can I use promos for ozomoos?",
    "body": "Simply click on the promos for ozomoos category. \nSearch and look for the participating online merchants. \nClick on the merchant of your choice. Follow the link with our unique promo code  or copy our unique promo code from the app.\nOnce you finish shopping apply the unique online promo code at the merchant website and get up to 75% discount at the time of payment."
  }
}