{
  "1": {
    "title": "Что такое кешбэк?",
    "body": "Это специальное предложение от Ozomoo, где за ваши покупки вы получаете % возвращаешься вам на счёт в приложении Ozomoo. Вы сможете купить за сохранённые средства любую услугу из перечисленных в Ozomoo"
  },
  "2": {
    "title": "Как минимальная сумма вывода средств с бонусного счета (кешбэка)?",
    "body": "Минимальная сумма составляет 100 гривен "
  },
  "3": {
    "title": "Могу ли я выводить кешбэк частями?",
    "body": "Да, конечно вы можете вывести любую часть своих сбережений от 100 гривен."
  },
  "4": {
    "title": "Если я накопил сумму меньше 100 гривен за месяц, остаются ли они на счету?",
    "body": "Да, все ваши бонусные накопления будут хранится в вашем аккаунте 3 года с момента получения кешбека "
  },
  "5": {
    "title": "Где я могу посмотреть кешбек в приложении?",
    "body": "В шапке профиля будет раздел статистика, где вы сможете увидишь все действия в приложении "
  },
  "6": {
    "title": "Как я получаю кешбек? ",
    "body": "Кешбек начисляется вам автоматически после использования ваучера или же оплаты доставки. При использовании ваучера % начисляется от сохранённых средств, а в доставке от общего счета, который вы оплачиваете(без оплаты доставки)"
  },
  "7": {
    "title": "Можно ли оплатить весь счёт в заведении с помощью кешбека?",
    "body": "Да, можно, если у вас на счёту в приложения будет хватать средств на оплату"
  },
  "8": {
    "title": "Какой процент кешбека?",
    "body": "Процент будет варьироваться от 2 до 4%, это зависит от частоты использования приложения"
  }
}