{
  "1": {
    "title": "What is Ozomoo cashback?",
    "body": "Ozomoo Cashback is your reward program, where all your purchases through Ozomoo app will give you 2%-4% cashback reward to your account . You can buy any of the services listed in Ozomoo app from the saved funds."
  },
  "2": {
    "title": "What is the minimum withdrawal amount from the bonus account (cashback)?",
    "body": "The minimum amount is UAH 100."
  },
  "3": {
    "title": "Can I withdraw cashback in parts?",
    "body": "Yes, of course you can withdraw any part of your Cashback savings starting from UAH 100"
  },
  "4": {
    "title": "If I have accumulated less than UAH 100 per month, do they remain in the account?",
    "body": "Yes, all your bonus savings will be kept in your account for 3 years from the moment you receive cashback."
  },
  "5": {
    "title": "Where can I see cashback in the app?",
    "body": "In the profile header there will be a statistics section where you can see all the actions and transactions for your account."
  },
  "6": {
    "title": "How do I get cashback?",
    "body": "Cashback is credited to you automatically after using dine-in offers or paying for delivery.  When using dine-in offers (voucher), 2% - 4% is credited from the saved amount, and in delivery from the total  invoice that you pay (without delivery charges )."
  },
  "7": {
    "title": "Is it possible to pay the entire bill at the institution using cashback?",
    "body": "Yes, you can, if you have enough funds in your account to pay."
  },
  "8": {
    "title": "What is the percentage of cashback?",
    "body": "The percentage will vary from 2% - 4%, it depends on the frequency of using the application, Basically the more you will spend the more you will save the more cashback you will get."
  }
}